lineage,defining_snps
A,
A.1,17858AG;18060CT
A.1.1,9445TC;17747CT;17858AG;18060CT;24694AT
A.1.3,6695CA;17858AG;18060CT;24694AT
A.2,9477TA;14805CT;28863CT
A.3,490TA;3177CT;24034CT;26729TC;28077GC
A.4,16381GA;17877TC;25500GT;25854CT;28878GA
A.5,26088CT
A.6,2942CT;4390GT
A.p7,22468GT;28878GA
B,8782TC;28144CT
B.1,3037CT;8782TC;14408CT;23403AG;28144CT
B.1.1,3037CT;14408CT;23403AG;28144CT;28881GA;28882GA;28883GC
B.1.1.1,3037CT;8782TC;10097GA;13216TG;14408CT;20923TC;23403AG;23731CT;28144CT;28881GA;28882GA;28883GC
B.1.1.10,3037CT;8782TC;14408CT;19170CT;23403AG;28144CT;28881GA;28882GA;28883GC;29543GT
B.1.1.13,3037CT;4207GT;8782TC;14408CT;23403AG;28144CT;28881GA;28882GA;28883GC
B.1.1.14,3037CT;8782TC;14408CT;23403AG;25798AG;28144CT;28881GA;28882GA;28883GC
B.1.1.p16,3037CT;8782TC;14408CT;21780CT;23403AG;28144CT;28881GA;28882GA;28883GC
B.1.1.17,3037CT;8782TC;14408CT;23403AG;25958AG;27046CT;28144CT;28881GA;28882GA;28883GC
B.1.1.18,3037CT;8782TC;14408CT;23403AG;24642CT;27046CT;28144CT;28881GA;28882GA;28883GC
B.1.1.2,3037CT;8782TC;11801GA;14408CT;19839TC;23403AG;25552GT;28144CT;28881GA;28882GA;28883GC
B.1.1.3,3037CT;8782TC;10262GA;14408CT;19839TC;22995CT;23403AG;28144CT;28881GA;28882GA;28883GC
B.1.1.4,3037CT;8782TC;14408CT;18788CT;23403AG;28144CT;28881GA;28882GA;28883GC
B.1.1.5,3037CT;8782TC;11839AG;14408CT;19839TC;23403AG;28144CT;28881GA;28882GA;28883GC
B.1.1.6,3037CT;8782TC;12832GA;14408CT;23403AG;28144CT;28881GA;28882GA;28883GC
B.1.1.7,3037CT;3373CA;8782TC;11195CT;14408CT;23403AG;28144CT;28881GA;28882GA;28883GC
B.1.1.8,3037CT;6573CT;14408CT;23403AG;25528CT;28144CT;28881GA;28882GA;28883GC
B.1.1.9,3037CT;8782TC;10948AG;14408CT;23403AG;28144CT;28881GA;28882GA;28883GC
B.1.1.p11,3037CT;8782TC;14408CT;21242CT;23403AG;28144CT;28881GA;28882GA;28883GC
B.1.1.p12,3037CT;14079TC;14408CT;23403AG;28144CT;28881GA;28882GA;28883GC
B.1.1.p15,3037CT;3261CT;8782TC;14408CT;23403AG;25166GC;28144CT;28881GA;28882GA;28883GC
B.1.1.p19,3037CT;3564GT;8782TC;14408CT;23403AG;24933GT;27046CT;28144CT;28881GA;28882GA;28883GC
B.1.12,1059CT;3037CT;4320CT;8782TC;14408CT;23403AG;25563GT;28144CT
B.1.13,3037CT;8782TC;14408CT;20578GT;23403AG;25563GT;28144CT
B.1.p16,3037CT;8782TC;13408TG;14408CT;20148CT;23403AG;24390GC;28144CT;28826CT
B.1.19,3037CT;8782TC;11417GT;14073TC;14408CT;23403AG;23947AG;28144CT
B.1.p2,1059CT;3037CT;8782TC;14408CT;23403AG;25563GT;27964CT;28144CT
B.1.p21,8782TC;14408CT;23403AG;25563GT;28144CT;29553GA
B.1.22,1594CT;3037CT;8782TC;11109CT;14408CT;23403AG;28144CT
B.1.23,3037CT;7438TC;14408CT;23403AG;28144CT;29353CT
B.1.26,1059CT;3037CT;8782TC;14408CT;23403AG;25563GT;28144CT;28821CA
B.1.29,1059CT;3037CT;8782TC;14408CT;14747AG;20755AC;23403AG;25563GT;28144CT
B.1.3,1059CT;3037CT;8782TC;14408CT;23403AG;25563GT;28144CT;29540GA
B.1.30,1059CT;1437CT;3037CT;8782TC;13006TC;14408CT;23403AG;25563GT;28144CT
B.1.31,1059CT;3037CT;8782TC;10851CT;14408CT;20931GT;23403AG;23439CT;25563GT;28144CT
B.1.32,3037CT;8782TC;12790AG;13568CT;14408CT;23403AG;28144CT
B.1.33,3037CT;6723CT;14408CT;23403AG;26094TC;28144CT
B.1.34,3037CT;8782TC;14408CT;21518GT;23403AG;28144CT
B.1.35,3037CT;6990CT;8782TC;14408CT;23403AG;28144CT
B.1.36,8782TC;14408CT;18877CT;23403AG;25563GT;26735CT;28144CT
B.1.37,2416CT;3037CT;5338TC;8782TC;10712CT;14408CT;23403AG;25563GT;28144CT
B.1.38,1059CT;3037CT;8782TC;14408CT;23403AG;25523GT;25563GT;27869TC;28144CT
B.1.39,1059CT;3037CT;14408CT;23403AG;25563GT;26951GA;28144CT
B.1.40,1059CT;1076CT;3037CT;8782TC;10582CT;14408CT;23403AG;25563GT;28144CT
B.1.41,1059CT;3037CT;7560GA;8782TC;14408CT;22295CT;23403AG;25563GT;28144CT
B.1.43,1059CT;2244TC;8782TC;14408CT;25563GT;28144CT
B.1.44,1059CT;3037CT;8782TC;10376CT;14408CT;23403AG;24368GT;25563GT;28144CT
B.1.5,3037CT;8782TC;14408CT;14786CT;20268AG;23403AG;25563GT;28144CT;28357GA
B.1.5.1,8782TC;10323AG;14408CT;20268AG;23403AG;28144CT
B.1.5.2,3037CT;8782TC;12550GA;14408CT;20268AG;20740CA;23403AG;28144CT
B.1.5.3,3037CT;8025CT;8782TC;14408CT;20268AG;23403AG;28144CT
B.1.5.4,3037CT;8782TC;14408CT;17639CT;20268AG;23403AG;28144CT;28638CT
B.1.5.5,3037CT;12915CT;14408CT;20268AG;23403AG;28144CT
B.1.5.6,3037CT;3215AG;8782TC;14408CT;15438GT;20268AG;23403AG;28144CT
B.1.6,3037CT;8782TC;14408CT;15277CT;15324CT;23403AG;28144CT
B.1.66,1059CT;3037CT;8782TC;14408CT;23403AG;25563GT;28144CT;28899GC
B.1.67,3037CT;8782TC;14408CT;23403AG;26512TC;28144CT
B.1.p68,3037CT;8782TC;14408CT;23403AG;26256CT;28144CT;29668CT
B.1.69,3037CT;8782TC;14408CT;23403AG;23422CT;23849TC;28144CT
B.1.70,1884CT;3037CT;8782TC;14408CT;23403AG;26497TC;28144CT
B.1.71,3037CT;3911AG;8782TC;14408CT;23403AG;26028CT;28144CT
B.1.72,3037CT;8782TC;11782AG;14408CT;23403AG;28144CT
B.1.8,3037CT;8782TC;14408CT;23403AG;24862AG;28144CT
B.1.p9,3037CT;7765CT;8782TC;14408CT;17690CT;18877CT;23403AG;25563GT;28144CT
B.1.p11,3037CT;8782TC;14408CT;23403AG;25429GT;28144CT
B.1.p25,1059CT;3037CT;5621C-;12598TC;13571GT;14408CT;17827CA;23403AG;24933GT;25563GT;28144CT;28198GT
B.1.p42,1059CT;1302CT;3037CT;8782TC;14408CT;23403AG;25563GT;28144CT
B.1.p73,3037CT;8782TC;14408CT;22879CA;23403AG;28144CT
B.10,1605A-;1606T-;6696CT;8782TC;28144CT
B.p11,514TC;8782TC;16762CT;28144CT
B.13,4838AG;7420CT;8782TC;14937CT;20148CT;28144CT
B.14,8782TC;25692CT;28144CT
B.15,4949TC;8782TC;16887CT;28144CT
B.16,8782TC;12710CT;28144CT;28854CT
B.2,8782TC;28144CT
B.2.1,2558CT;8782TC;14805CT;26144GT;28144CT
B.2.2,8782TC;9223CT;11083GT;17247TC;26144GT;28144CT
B.2.4,3096CT;8782TC;11083GT;13627GT;14805CT;26144GT;28144CT;28338AG
B.2.5,8782TC;23707CT;26144GT;28144CT
B.2.6,7479AG;8782TC;11083GT;14805CT;17247TC;25572CT;26144GT;28144CT
B.2.7,5142CT;8782TC;11083GT;14805CT;17247TC;26144GT;28144CT
B.3,2891GA;8782TC;28144CT
B.4,884CT;1348CT;1397GA;8782TC;9159CT;11083GT;28144CT
B.5,8782TC;11083GT;28144CT;29635CT
B.6,6312CA;8782TC;13730CT;28144CT
B.7,8782TC;13929TC;26144GT;28144CT
B.9,1605A-;1606T-;1607G-;8090CT;8782TC;25674TC;28144CT
B.p12,8782TC;11752CT;25665CT;26447CT;27698T-;27699T-;27700A-;28144CT;28912TC
